periodo,ano,mes_numero,mes,posicao,marca,modelo,emplacamentos
2025-07,2025,7,Julho,1,VW,POLO,12940
2025-07,2025,7,Julho,2,FIAT,ARGO,9966
2025-07,2025,7,Julho,3,VW,T CROSS,9022
2025-07,2025,7,Julho,4,FIAT,MOBI,8099
2025-07,2025,7,Julho,5,HYUNDAI,CRETA,7856
2025-07,2025,7,Julho,6,GM,ONIX,7689
2025-07,2025,7,Julho,7,GM,TRACKER,6974
2025-07,2025,7,Julho,8,TOYOTA,COROLLA CROSS,6866
2025-07,2025,7,Julho,9,NISSAN,KICKS,6341
2025-07,2025,7,Julho,10,FIAT,FASTBACK,6207
2025-07,2025,7,Julho,11,VW,NIVUS,5777
2025-07,2025,7,Julho,12,HYUNDAI,HB20,5519
2025-07,2025,7,Julho,13,JEEP,COMPASS,4935
2025-07,2025,7,Julho,14,FIAT,PULSE,4836
2025-07,2025,7,Julho,15,HONDA,HR-V,4086
2025-07,2025,7,Julho,16,VW,VIRTUS,3863
2025-07,2025,7,Julho,17,RENAULT,KWID,3726
2025-07,2025,7,Julho,18,CAOA CHERY,TIGGO 7,3721
2025-07,2025,7,Julho,19,JEEP,RENEGADE,3711
2025-07,2025,7,Julho,20,GWM,HAVAL H6,3339
2025-07,2025,7,Julho,21,VW,TERA,3244
2025-07,2025,7,Julho,22,TOYOTA,COROLLA,3170
2025-07,2025,7,Julho,23,BYD,SONG,3164
2025-07,2025,7,Julho,24,GM,ONIX PLUS,3108
2025-07,2025,7,Julho,25,BYD,DOLPHIN MINI,3011
2025-07,2025,7,Julho,26,HYUNDAI,HB20S,2638
2025-07,2025,7,Julho,27,GM,SPIN,1942
2025-07,2025,7,Julho,28,FIAT,CRONOS,1894
2025-07,2025,7,Julho,29,RENAULT,DUSTER,1851
2025-07,2025,7,Julho,30,CITROEN,BASALT,1613
2025-07,2025,7,Julho,31,HONDA,CITY,1565
2025-07,2025,7,Julho,32,TOYOTA,HILUX SW4,1500
2025-07,2025,7,Julho,33,CAOA CHERY,TIGGO 8,1440
2025-07,2025,7,Julho,34,CAOA CHERY,TIGGO 5X,1434
2025-07,2025,7,Julho,35,HONDA,CITY HATCH,1427
2025-07,2025,7,Julho,36,RENAULT,KARDIAN,1332
2025-07,2025,7,Julho,37,JEEP,COMMANDER,1312
2025-07,2025,7,Julho,38,BYD,DOLPHIN,1305
2025-07,2025,7,Julho,39,MITSUBISHI,ECLIPSE CROSS,1096
2025-07,2025,7,Julho,40,CITROEN,C3,1086
2025-07,2025,7,Julho,41,BYD,KING,964
2025-07,2025,7,Julho,42,PEUGEOT,2008,944
2025-07,2025,7,Julho,43,NISSAN,VERSA,930
2025-07,2025,7,Julho,44,FORD,TERRITORY,916
2025-07,2025,7,Julho,45,VW,TAOS,882
2025-07,2025,7,Julho,46,PEUGEOT,208,865
2025-07,2025,7,Julho,47,BYD,YUAN,860
2025-07,2025,7,Julho,48,OMODA JAECOO,JAECOO 7,620
2025-07,2025,7,Julho,49,FORD,BRONCO,551
2025-07,2025,7,Julho,50,BMW,X1,542
2025-08,2025,8,Agosto,1,VW,POLO,12908
2025-08,2025,8,Agosto,2,FIAT,ARGO,10097
2025-08,2025,8,Agosto,3,TOYOTA,COROLLA CROSS,7737
2025-08,2025,8,Agosto,4,VW,T CROSS,7702
2025-08,2025,8,Agosto,5,HYUNDAI,HB20,7590
2025-08,2025,8,Agosto,6,FIAT,MOBI,7045
2025-08,2025,8,Agosto,7,HYUNDAI,CRETA,6649
2025-08,2025,8,Agosto,8,GM,ONIX,5815
2025-08,2025,8,Agosto,9,FIAT,FASTBACK,5040
2025-08,2025,8,Agosto,10,RENAULT,KWID,5025
2025-08,2025,8,Agosto,11,GM,TRACKER,4942
2025-08,2025,8,Agosto,12,NISSAN,KICKS,4740
2025-08,2025,8,Agosto,13,JEEP,COMPASS,4717
2025-08,2025,8,Agosto,14,GM,ONIX PLUS,4632
2025-08,2025,8,Agosto,15,VW,NIVUS,4557
2025-08,2025,8,Agosto,16,FIAT,PULSE,4282
2025-08,2025,8,Agosto,17,VW,TERA,4157
2025-08,2025,8,Agosto,18,HONDA,HR-V,4028
2025-08,2025,8,Agosto,19,VW,VIRTUS,3646
2025-08,2025,8,Agosto,20,CAOA CHERY,TIGGO 7,3541
2025-08,2025,8,Agosto,21,BYD,DOLPHIN MINI,3300
2025-08,2025,8,Agosto,22,JEEP,RENEGADE,3228
2025-08,2025,8,Agosto,23,GWM,HAVAL H6,3102
2025-08,2025,8,Agosto,24,BYD,SONG,3011
2025-08,2025,8,Agosto,25,TOYOTA,COROLLA,2890
2025-08,2025,8,Agosto,26,HYUNDAI,HB20S,2251
2025-08,2025,8,Agosto,27,RENAULT,KARDIAN,1929
2025-08,2025,8,Agosto,28,CAOA CHERY,TIGGO 8,1916
2025-08,2025,8,Agosto,29,HONDA,CITY,1848
2025-08,2025,8,Agosto,30,GM,SPIN,1794
2025-08,2025,8,Agosto,31,FIAT,CRONOS,1395
2025-08,2025,8,Agosto,32,RENAULT,DUSTER,1369
2025-08,2025,8,Agosto,33,HONDA,CITY HATCH,1357
2025-08,2025,8,Agosto,34,BYD,DOLPHIN,1311
2025-08,2025,8,Agosto,35,CAOA CHERY,TIGGO 5X,1208
2025-08,2025,8,Agosto,36,FORD,TERRITORY,1191
2025-08,2025,8,Agosto,37,TOYOTA,HILUX SW4,1174
2025-08,2025,8,Agosto,38,BYD,KING,1086
2025-08,2025,8,Agosto,39,JEEP,COMMANDER,1068
2025-08,2025,8,Agosto,40,CITROEN,BASALT,991
2025-08,2025,8,Agosto,41,MITSUBISHI,ECLIPSE CROSS,894
2025-08,2025,8,Agosto,42,CITROEN,C3,852
2025-08,2025,8,Agosto,43,BYD,YUAN,773
2025-08,2025,8,Agosto,44,PEUGEOT,208,749
2025-08,2025,8,Agosto,45,VW,TAOS,726
2025-08,2025,8,Agosto,46,PEUGEOT,2008,663
2025-08,2025,8,Agosto,47,NISSAN,VERSA,655
2025-08,2025,8,Agosto,48,OMODA JAECOO,JAECOO 7,635
2025-08,2025,8,Agosto,49,CITROEN,C3 AIRCROSS,485
2025-08,2025,8,Agosto,50,BMW,X1,479
2025-09,2025,9,Setembro,1,VW,POLO,10647
2025-09,2025,9,Setembro,2,FIAT,ARGO,9484
2025-09,2025,9,Setembro,3,HYUNDAI,HB20,8796
2025-09,2025,9,Setembro,4,VW,TERA,7610
2025-09,2025,9,Setembro,5,TOYOTA,COROLLA CROSS,7282
2025-09,2025,9,Setembro,6,GM,ONIX,7039
2025-09,2025,9,Setembro,7,NISSAN,KICKS,6319
2025-09,2025,9,Setembro,8,HYUNDAI,CRETA,5953
2025-09,2025,9,Setembro,9,GM,TRACKER,5657
2025-09,2025,9,Setembro,10,RENAULT,KWID,5439
2025-09,2025,9,Setembro,11,FIAT,FASTBACK,5344
2025-09,2025,9,Setembro,12,JEEP,COMPASS,5291
2025-09,2025,9,Setembro,13,GM,ONIX PLUS,5169
2025-09,2025,9,Setembro,14,HONDA,HR-V,5041
2025-09,2025,9,Setembro,15,FIAT,MOBI,4741
2025-09,2025,9,Setembro,16,VW,T CROSS,4736
2025-09,2025,9,Setembro,17,JEEP,RENEGADE,4547
2025-09,2025,9,Setembro,18,VW,NIVUS,4173
2025-09,2025,9,Setembro,19,HYUNDAI,HB20S,3883
2025-09,2025,9,Setembro,20,FIAT,PULSE,3756
2025-09,2025,9,Setembro,21,CAOA CHERY,TIGGO 7,3742
2025-09,2025,9,Setembro,22,BYD,DOLPHIN MINI,3392
2025-09,2025,9,Setembro,23,BYD,SONG,3246
2025-09,2025,9,Setembro,24,TOYOTA,COROLLA,3121
2025-09,2025,9,Setembro,25,VW,VIRTUS,2973
2025-09,2025,9,Setembro,26,GWM,HAVAL H6,2886
2025-09,2025,9,Setembro,27,CAOA CHERY,TIGGO 8,2137
2025-09,2025,9,Setembro,28,RENAULT,KARDIAN,2014
2025-09,2025,9,Setembro,29,GM,SPIN,1906
2025-09,2025,9,Setembro,30,JEEP,COMMANDER,1643
2025-09,2025,9,Setembro,31,FIAT,CRONOS,1606
2025-09,2025,9,Setembro,32,RENAULT,DUSTER,1513
2025-09,2025,9,Setembro,33,BYD,DOLPHIN,1454
2025-09,2025,9,Setembro,34,HONDA,CITY,1453
2025-09,2025,9,Setembro,35,CAOA CHERY,TIGGO 5X,1423
2025-09,2025,9,Setembro,36,TOYOTA,HILUX SW4,1310
2025-09,2025,9,Setembro,37,HONDA,CITY HATCH,1276
2025-09,2025,9,Setembro,38,CITROEN,BASALT,1226
2025-09,2025,9,Setembro,39,VW,TAOS,1144
2025-09,2025,9,Setembro,40,FORD,TERRITORY,1141
2025-09,2025,9,Setembro,41,BYD,KING,1001
2025-09,2025,9,Setembro,42,MITSUBISHI,ECLIPSE CROSS,988
2025-09,2025,9,Setembro,43,CITROEN,C3,953
2025-09,2025,9,Setembro,44,PEUGEOT,208,879
2025-09,2025,9,Setembro,45,OMODA JAECOO,JAECOO 7,740
2025-09,2025,9,Setembro,46,PEUGEOT,2008,668
2025-09,2025,9,Setembro,47,NISSAN,VERSA,628
2025-09,2025,9,Setembro,48,BYD,YUAN,553
2025-09,2025,9,Setembro,49,BMW,X1,512
2025-09,2025,9,Setembro,50,GWM,ORA 03,429
2025-10,2025,10,Outubro,1,VW,TERA,10162
2025-10,2025,10,Outubro,2,FIAT,ARGO,9981
2025-10,2025,10,Outubro,3,HYUNDAI,HB20,9687
2025-10,2025,10,Outubro,4,VW,POLO,9150
2025-10,2025,10,Outubro,5,HYUNDAI,CRETA,8679
2025-10,2025,10,Outubro,6,GM,ONIX,7439
2025-10,2025,10,Outubro,7,VW,T CROSS,7113
2025-10,2025,10,Outubro,8,HONDA,HR-V,6711
2025-10,2025,10,Outubro,9,FIAT,MOBI,6277
2025-10,2025,10,Outubro,10,JEEP,COMPASS,6257
2025-10,2025,10,Outubro,11,GM,ONIX PLUS,5853
2025-10,2025,10,Outubro,12,NISSAN,KICKS,5721
2025-10,2025,10,Outubro,13,FIAT,FASTBACK,5666
2025-10,2025,10,Outubro,14,HYUNDAI,HB20S,5517
2025-10,2025,10,Outubro,15,RENAULT,KWID,5316
2025-10,2025,10,Outubro,16,GM,TRACKER,5290
2025-10,2025,10,Outubro,17,JEEP,RENEGADE,4263
2025-10,2025,10,Outubro,18,VW,NIVUS,4257
2025-10,2025,10,Outubro,19,CAOA CHERY,TIGGO 7,4248
2025-10,2025,10,Outubro,20,FIAT,PULSE,3965
2025-10,2025,10,Outubro,21,VW,VIRTUS,3615
2025-10,2025,10,Outubro,22,TOYOTA,COROLLA CROSS,3609
2025-10,2025,10,Outubro,23,BYD,SONG,3444
2025-10,2025,10,Outubro,24,GWM,HAVAL H6,3375
2025-10,2025,10,Outubro,25,BYD,DOLPHIN MINI,2794
2025-10,2025,10,Outubro,26,TOYOTA,COROLLA,2287
2025-10,2025,10,Outubro,27,JEEP,COMMANDER,2162
2025-10,2025,10,Outubro,28,GM,SPIN,2103
2025-10,2025,10,Outubro,29,CAOA CHERY,TIGGO 5X,1994
2025-10,2025,10,Outubro,30,FIAT,CRONOS,1846
2025-10,2025,10,Outubro,31,CAOA CHERY,TIGGO 8,1772
2025-10,2025,10,Outubro,32,BYD,DOLPHIN,1731
2025-10,2025,10,Outubro,33,RENAULT,DUSTER,1680
2025-10,2025,10,Outubro,34,HONDA,CITY,1644
2025-10,2025,10,Outubro,35,CITROEN,BASALT,1562
2025-10,2025,10,Outubro,36,HONDA,CITY HATCH,1540
2025-10,2025,10,Outubro,37,RENAULT,KARDIAN,1533
2025-10,2025,10,Outubro,38,TOYOTA,HILUX SW4,1421
2025-10,2025,10,Outubro,39,CITROEN,C3,1383
2025-10,2025,10,Outubro,40,BYD,KING,1291
2025-10,2025,10,Outubro,41,FORD,TERRITORY,1138
2025-10,2025,10,Outubro,42,MITSUBISHI,ECLIPSE CROSS,1043
2025-10,2025,10,Outubro,43,PEUGEOT,208,842
2025-10,2025,10,Outubro,44,NISSAN,SENTRA,761
2025-10,2025,10,Outubro,45,PEUGEOT,2008,734
2025-10,2025,10,Outubro,46,OMODA JAECOO,JAECOO 7,677
2025-10,2025,10,Outubro,47,BYD,YUAN,551
2025-10,2025,10,Outubro,48,NISSAN,VERSA,515
2025-10,2025,10,Outubro,49,VW,TAOS,496
2025-10,2025,10,Outubro,50,VW,TIGUAN,486
2025-11,2025,11,Novembro,1,VW,TERA,9772
2025-11,2025,11,Novembro,2,GM,ONIX,9524
2025-11,2025,11,Novembro,3,VW,POLO,9381
2025-11,2025,11,Novembro,4,VW,T CROSS,9016
2025-11,2025,11,Novembro,5,FIAT,ARGO,8386
2025-11,2025,11,Novembro,6,HYUNDAI,CRETA,7689
2025-11,2025,11,Novembro,7,HYUNDAI,HB20,7640
2025-11,2025,11,Novembro,8,RENAULT,KWID,7302
2025-11,2025,11,Novembro,9,FIAT,MOBI,7188
2025-11,2025,11,Novembro,10,GM,ONIX PLUS,5995
2025-11,2025,11,Novembro,11,JEEP,COMPASS,5889
2025-11,2025,11,Novembro,12,NISSAN,KICKS,5646
2025-11,2025,11,Novembro,13,HONDA,HR-V,4963
2025-11,2025,11,Novembro,14,GM,TRACKER,4528
2025-11,2025,11,Novembro,15,HYUNDAI,HB20S,4425
2025-11,2025,11,Novembro,16,FIAT,FASTBACK,4381
2025-11,2025,11,Novembro,17,BYD,SONG,4380
2025-11,2025,11,Novembro,18,JEEP,RENEGADE,4230
2025-11,2025,11,Novembro,19,CAOA CHERY,TIGGO 7,4060
2025-11,2025,11,Novembro,20,VW,VIRTUS,3285
2025-11,2025,11,Novembro,21,GWM,HAVAL H6,3215
2025-11,2025,11,Novembro,22,FIAT,PULSE,3213
2025-11,2025,11,Novembro,23,VW,NIVUS,3124
2025-11,2025,11,Novembro,24,BYD,DOLPHIN MINI,2881
2025-11,2025,11,Novembro,25,FIAT,CRONOS,2375
2025-11,2025,11,Novembro,26,GM,SPIN,2317
2025-11,2025,11,Novembro,27,JEEP,COMMANDER,1830
2025-11,2025,11,Novembro,28,RENAULT,DUSTER,1789
2025-11,2025,11,Novembro,29,CAOA CHERY,TIGGO 8,1501
2025-11,2025,11,Novembro,30,TOYOTA,COROLLA CROSS,1465
2025-11,2025,11,Novembro,31,CAOA CHERY,TIGGO 5X,1437
2025-11,2025,11,Novembro,32,TOYOTA,HILUX SW4,1432
2025-11,2025,11,Novembro,33,CITROEN,BASALT,1404
2025-11,2025,11,Novembro,34,CITROEN,C3,1368
2025-11,2025,11,Novembro,35,HONDA,WR-V,1342
2025-11,2025,11,Novembro,36,HONDA,CITY,1292
2025-11,2025,11,Novembro,37,HONDA,CITY HATCH,1269
2025-11,2025,11,Novembro,38,RENAULT,KARDIAN,1097
2025-11,2025,11,Novembro,39,FORD,TERRITORY,1058
2025-11,2025,11,Novembro,40,TOYOTA,COROLLA,1034
2025-11,2025,11,Novembro,41,MITSUBISHI,ECLIPSE CROSS,899
2025-11,2025,11,Novembro,42,BYD,KING,857
2025-11,2025,11,Novembro,43,GEELY,EX2,835
2025-11,2025,11,Novembro,44,BYD,DOLPHIN,802
2025-11,2025,11,Novembro,45,PEUGEOT,208,674
2025-11,2025,11,Novembro,46,PEUGEOT,2008,654
2025-11,2025,11,Novembro,47,RENAULT,BOREAL,586
2025-11,2025,11,Novembro,48,GWM,HAVAL H9,570
2025-11,2025,11,Novembro,49,OMODA JAECOO,JAECOO 7,564
2025-11,2025,11,Novembro,50,OMODA JAECOO,OMODA 5,504
2025-12,2025,12,Dezembro,1,VW,T CROSS,10721
2025-12,2025,12,Dezembro,2,VW,TERA,10448
2025-12,2025,12,Dezembro,3,VW,POLO,10434
2025-12,2025,12,Dezembro,4,FIAT,ARGO,10256
2025-12,2025,12,Dezembro,5,HYUNDAI,HB20,8928
2025-12,2025,12,Dezembro,6,HYUNDAI,CRETA,8160
2025-12,2025,12,Dezembro,7,GM,ONIX,7995
2025-12,2025,12,Dezembro,8,BYD,SONG,7475
2025-12,2025,12,Dezembro,9,GM,ONIX PLUS,6642
2025-12,2025,12,Dezembro,10,JEEP,COMPASS,6640
2025-12,2025,12,Dezembro,11,NISSAN,KICKS,6433
2025-12,2025,12,Dezembro,12,FIAT,MOBI,6432
2025-12,2025,12,Dezembro,13,GM,TRACKER,6242
2025-12,2025,12,Dezembro,14,RENAULT,KWID,5784
2025-12,2025,12,Dezembro,15,FIAT,FASTBACK,5506
2025-12,2025,12,Dezembro,16,CAOA CHERY,TIGGO 7,4944
2025-12,2025,12,Dezembro,17,HONDA,HR-V,4401
2025-12,2025,12,Dezembro,18,VW,NIVUS,4213
2025-12,2025,12,Dezembro,19,JEEP,RENEGADE,4152
2025-12,2025,12,Dezembro,20,FIAT,PULSE,4114
2025-12,2025,12,Dezembro,21,BYD,DOLPHIN MINI,3889
2025-12,2025,12,Dezembro,22,GWM,HAVAL H6,3381
2025-12,2025,12,Dezembro,23,HYUNDAI,HB20S,3303
2025-12,2025,12,Dezembro,24,HONDA,WR-V,3229
2025-12,2025,12,Dezembro,25,CITROEN,BASALT,2980
2025-12,2025,12,Dezembro,26,FIAT,CRONOS,2883
2025-12,2025,12,Dezembro,27,TOYOTA,COROLLA CROSS,2628
2025-12,2025,12,Dezembro,28,JEEP,COMMANDER,2555
2025-12,2025,12,Dezembro,29,VW,VIRTUS,2425
2025-12,2025,12,Dezembro,30,BYD,DOLPHIN,2347
2025-12,2025,12,Dezembro,31,GM,SPIN,2331
2025-12,2025,12,Dezembro,32,TOYOTA,COROLLA,2272
2025-12,2025,12,Dezembro,33,TOYOTA,HILUX SW4,1913
2025-12,2025,12,Dezembro,34,CAOA CHERY,TIGGO 8,1651
2025-12,2025,12,Dezembro,35,RENAULT,DUSTER,1647
2025-12,2025,12,Dezembro,36,HONDA,CITY,1618
2025-12,2025,12,Dezembro,37,PEUGEOT,208,1600
2025-12,2025,12,Dezembro,38,GEELY,EX2,1557
2025-12,2025,12,Dezembro,39,HONDA,CITY HATCH,1493
2025-12,2025,12,Dezembro,40,RENAULT,BOREAL,1384
2025-12,2025,12,Dezembro,41,CITROEN,C3,1344
2025-12,2025,12,Dezembro,42,RENAULT,KARDIAN,1161
2025-12,2025,12,Dezembro,43,FORD,TERRITORY,1115
2025-12,2025,12,Dezembro,44,PEUGEOT,2008,1029
2025-12,2025,12,Dezembro,45,OMODA JAECOO,JAECOO 7,997
2025-12,2025,12,Dezembro,46,BYD,KING,956
2025-12,2025,12,Dezembro,47,MITSUBISHI,ECLIPSE CROSS,836
2025-12,2025,12,Dezembro,48,OMODA JAECOO,OMODA 5,791
2025-12,2025,12,Dezembro,49,GWM,HAVAL H9,774
2025-12,2025,12,Dezembro,50,NISSAN,VERSA,715
2026-01,2026,1,Janeiro,1,VW,T CROSS,5741
2026-01,2026,1,Janeiro,2,VW,POLO,5699
2026-01,2026,1,Janeiro,3,FIAT,ARGO,5177
2026-01,2026,1,Janeiro,4,VW,TERA,4992
2026-01,2026,1,Janeiro,5,GM,ONIX,4948
2026-01,2026,1,Janeiro,6,GM,TRACKER,4532
2026-01,2026,1,Janeiro,7,JEEP,COMPASS,4503
2026-01,2026,1,Janeiro,8,HYUNDAI,CRETA,4429
2026-01,2026,1,Janeiro,9,HYUNDAI,HB20,4065
2026-01,2026,1,Janeiro,10,FIAT,FASTBACK,3927
2026-01,2026,1,Janeiro,11,BYD,SONG,3802
2026-01,2026,1,Janeiro,12,FIAT,MOBI,3530
2026-01,2026,1,Janeiro,13,FIAT,PULSE,3193
2026-01,2026,1,Janeiro,14,VW,NIVUS,3167
2026-01,2026,1,Janeiro,15,NISSAN,KICKS,3058
2026-01,2026,1,Janeiro,16,JEEP,RENEGADE,3052
2026-01,2026,1,Janeiro,17,BYD,DOLPHIN MINI,2840
2026-01,2026,1,Janeiro,18,HONDA,HR-V,2773
2026-01,2026,1,Janeiro,19,GWM,HAVAL H6,2628
2026-01,2026,1,Janeiro,20,RENAULT,KWID,2613
2026-01,2026,1,Janeiro,21,TOYOTA,COROLLA CROSS,2176
2026-01,2026,1,Janeiro,22,CAOA CHERY,TIGGO 7,1937
2026-01,2026,1,Janeiro,23,GM,ONIX PLUS,1869
2026-01,2026,1,Janeiro,24,HONDA,WR-V,1812
2026-01,2026,1,Janeiro,25,VW,VIRTUS,1645
2026-01,2026,1,Janeiro,26,HYUNDAI,HB20S,1580
2026-01,2026,1,Janeiro,27,BYD,DOLPHIN,1511
2026-01,2026,1,Janeiro,28,TOYOTA,COROLLA,1399
2026-01,2026,1,Janeiro,29,FIAT,CRONOS,1360
2026-01,2026,1,Janeiro,30,JEEP,COMMANDER,1330
2026-01,2026,1,Janeiro,31,CAOA CHERY,TIGGO 8,1271
2026-01,2026,1,Janeiro,32,GM,SPIN,1235
2026-01,2026,1,Janeiro,33,TOYOTA,HILUX SW4,1231
2026-01,2026,1,Janeiro,34,VW,TAOS,1225
2026-01,2026,1,Janeiro,35,RENAULT,KARDIAN,1210
2026-01,2026,1,Janeiro,36,GEELY,EX2,1124
2026-01,2026,1,Janeiro,37,HONDA,CITY HATCH,1071
2026-01,2026,1,Janeiro,38,OMODA JAECOO,OMODA 5,1067
2026-01,2026,1,Janeiro,39,CITROEN,BASALT,1027
2026-01,2026,1,Janeiro,40,CITROEN,C3,1027
2026-01,2026,1,Janeiro,41,HONDA,CITY,987
2026-01,2026,1,Janeiro,42,RENAULT,DUSTER,936
2026-01,2026,1,Janeiro,43,GWM,HAVAL H9,882
2026-01,2026,1,Janeiro,44,FORD,TERRITORY,851
2026-01,2026,1,Janeiro,45,BYD,KING,840
2026-01,2026,1,Janeiro,46,PEUGEOT,2008,774
2026-01,2026,1,Janeiro,47,NISSAN,VERSA,653
2026-01,2026,1,Janeiro,48,NISSAN,KAIT,644
2026-01,2026,1,Janeiro,49,RENAULT,BOREAL,641
2026-01,2026,1,Janeiro,50,PEUGEOT,208,568
2026-02,2026,2,Fevereiro,1,VW,POLO,7517
2026-02,2026,2,Fevereiro,2,FIAT,MOBI,6560
2026-02,2026,2,Fevereiro,3,FIAT,ARGO,6478
2026-02,2026,2,Fevereiro,4,GM,ONIX,6450
2026-02,2026,2,Fevereiro,5,VW,T CROSS,5667
2026-02,2026,2,Fevereiro,6,VW,TERA,5358
2026-02,2026,2,Fevereiro,7,RENAULT,KWID,5194
2026-02,2026,2,Fevereiro,8,HYUNDAI,HB20,5124
2026-02,2026,2,Fevereiro,9,HYUNDAI,CRETA,5045
2026-02,2026,2,Fevereiro,10,BYD,DOLPHIN MINI,4874
2026-02,2026,2,Fevereiro,11,JEEP,COMPASS,4169
2026-02,2026,2,Fevereiro,12,GM,TRACKER,4003
2026-02,2026,2,Fevereiro,13,VW,NIVUS,3851
2026-02,2026,2,Fevereiro,14,FIAT,FASTBACK,3833
2026-02,2026,2,Fevereiro,15,BYD,SONG,3702
2026-02,2026,2,Fevereiro,16,GWM,HAVAL H6,3237
2026-02,2026,2,Fevereiro,17,FIAT,PULSE,3057
2026-02,2026,2,Fevereiro,18,HONDA,HR-V,2948
2026-02,2026,2,Fevereiro,19,TOYOTA,COROLLA CROSS,2899
2026-02,2026,2,Fevereiro,20,NISSAN,KICKS,2875
2026-02,2026,2,Fevereiro,21,JEEP,RENEGADE,2686
2026-02,2026,2,Fevereiro,22,HONDA,WR-V,2630
2026-02,2026,2,Fevereiro,23,VW,VIRTUS,2489
2026-02,2026,2,Fevereiro,24,CAOA CHERY,TIGGO 7,2205
2026-02,2026,2,Fevereiro,25,TOYOTA,COROLLA,2149
2026-02,2026,2,Fevereiro,26,GM,ONIX PLUS,1994
2026-02,2026,2,Fevereiro,27,FIAT,CRONOS,1856
2026-02,2026,2,Fevereiro,28,HYUNDAI,HB20S,1855
2026-02,2026,2,Fevereiro,29,JEEP,COMMANDER,1371
2026-02,2026,2,Fevereiro,30,NISSAN,KAIT,1294
2026-02,2026,2,Fevereiro,31,BYD,DOLPHIN,1193
2026-02,2026,2,Fevereiro,32,OMODA JAECOO,OMODA 5,1179
2026-02,2026,2,Fevereiro,33,RENAULT,KARDIAN,1122
2026-02,2026,2,Fevereiro,34,HONDA,CITY,1058
2026-02,2026,2,Fevereiro,35,TOYOTA,HILUX SW4,1031
2026-02,2026,2,Fevereiro,36,GM,SPIN,1024
2026-02,2026,2,Fevereiro,37,VW,TAOS,1022
2026-02,2026,2,Fevereiro,38,CAOA CHERY,TIGGO 8,973
2026-02,2026,2,Fevereiro,39,CITROEN,BASALT,971
2026-02,2026,2,Fevereiro,40,RENAULT,DUSTER,951
2026-02,2026,2,Fevereiro,41,BYD,KING,907
2026-02,2026,2,Fevereiro,42,HONDA,CITY HATCH,873
2026-02,2026,2,Fevereiro,43,CITROEN,C3,779
2026-02,2026,2,Fevereiro,44,FORD,TERRITORY,682
2026-02,2026,2,Fevereiro,45,GWM,HAVAL H9,672
2026-02,2026,2,Fevereiro,46,NISSAN,VERSA,625
2026-02,2026,2,Fevereiro,47,RENAULT,BOREAL,611
2026-02,2026,2,Fevereiro,48,TOYOTA,YARIS CROSS,593
2026-02,2026,2,Fevereiro,49,MITSUBISHI,ECLIPSE CROSS,555
2026-02,2026,2,Fevereiro,50,PEUGEOT,2008,551
2026-03,2026,3,Março,1,VW,POLO,11051
2026-03,2026,3,Março,2,GM,ONIX,10182
2026-03,2026,3,Março,3,FIAT,ARGO,8281
2026-03,2026,3,Março,4,VW,TERA,7977
2026-03,2026,3,Março,5,HYUNDAI,HB20,7713
2026-03,2026,3,Março,6,VW,T CROSS,7622
2026-03,2026,3,Março,7,FIAT,MOBI,7241
2026-03,2026,3,Março,8,BYD,DOLPHIN MINI,7053
2026-03,2026,3,Março,9,HYUNDAI,CRETA,6674
2026-03,2026,3,Março,10,RENAULT,KWID,6454
2026-03,2026,3,Março,11,GM,TRACKER,5795
2026-03,2026,3,Março,12,VW,NIVUS,5795
2026-03,2026,3,Março,13,JEEP,COMPASS,5434
2026-03,2026,3,Março,14,FIAT,PULSE,5167
2026-03,2026,3,Março,15,BYD,SONG,5054
2026-03,2026,3,Março,16,CAOA CHERY,TIGGO 5X,5007
2026-03,2026,3,Março,17,GM,ONIX PLUS,4921
2026-03,2026,3,Março,18,HYUNDAI,HB20S,4655
2026-03,2026,3,Março,19,NISSAN,KAIT,4462
2026-03,2026,3,Março,20,FIAT,FASTBACK,4444
2026-03,2026,3,Março,21,HONDA,HR-V,3995
2026-03,2026,3,Março,22,TOYOTA,YARIS CROSS,3864
2026-03,2026,3,Março,23,TOYOTA,COROLLA CROSS,3747
2026-03,2026,3,Março,24,HONDA,WR-V,3540
2026-03,2026,3,Março,25,VW,VIRTUS,3410
2026-03,2026,3,Março,26,JEEP,RENEGADE,3319
2026-03,2026,3,Março,27,GWM,HAVAL H6,3318
2026-03,2026,3,Março,28,NISSAN,KICKS,3028
2026-03,2026,3,Março,29,TOYOTA,COROLLA,2900
2026-03,2026,3,Março,30,CAOA CHERY,TIGGO 7,2665
2026-03,2026,3,Março,31,FIAT,CRONOS,2126
2026-03,2026,3,Março,32,BYD,DOLPHIN,1852
2026-03,2026,3,Março,33,GM,SPIN,1658
2026-03,2026,3,Março,34,OMODA JAECOO,OMODA 5,1580
2026-03,2026,3,Março,35,RENAULT,KARDIAN,1389
2026-03,2026,3,Março,36,JEEP,COMMANDER,1355
2026-03,2026,3,Março,37,CITROEN,C3,1334
2026-03,2026,3,Março,38,BYD,KING,1274
2026-03,2026,3,Março,39,RENAULT,BOREAL,1272
2026-03,2026,3,Março,40,GWM,HAVAL H9,1170
2026-03,2026,3,Março,41,HONDA,CITY HATCH,1161
2026-03,2026,3,Março,42,HONDA,CITY,1159
2026-03,2026,3,Março,43,GEELY,EX2,1157
2026-03,2026,3,Março,44,VW,TAOS,1143
2026-03,2026,3,Março,45,RENAULT,DUSTER,1125
2026-03,2026,3,Março,46,TOYOTA,HILUX SW4,1117
2026-03,2026,3,Março,47,CAOA CHERY,TIGGO 8,1090
2026-03,2026,3,Março,48,CITROEN,BASALT,1015
2026-03,2026,3,Março,49,FORD,TERRITORY,995
2026-03,2026,3,Março,50,PEUGEOT,2008,972
2026-04,2026,4,Abril,1,VW,POLO,8367
2026-04,2026,4,Abril,2,FIAT,ARGO,7991
2026-04,2026,4,Abril,3,GM,ONIX,7847
2026-04,2026,4,Abril,4,VW,T CROSS,7810
2026-04,2026,4,Abril,5,HYUNDAI,CRETA,7649
2026-04,2026,4,Abril,6,BYD,DOLPHIN MINI,6880
2026-04,2026,4,Abril,7,HYUNDAI,HB20,6764
2026-04,2026,4,Abril,8,RENAULT,KWID,6451
2026-04,2026,4,Abril,9,VW,TERA,6231
2026-04,2026,4,Abril,10,BYD,SONG,6041
2026-04,2026,4,Abril,11,FIAT,MOBI,5361
2026-04,2026,4,Abril,12,VW,NIVUS,5346
2026-04,2026,4,Abril,13,GM,TRACKER,5305
2026-04,2026,4,Abril,14,FIAT,PULSE,4387
2026-04,2026,4,Abril,15,FIAT,FASTBACK,4305
2026-04,2026,4,Abril,16,JEEP,COMPASS,4219
2026-04,2026,4,Abril,17,HONDA,HR-V,4078
2026-04,2026,4,Abril,18,HYUNDAI,HB20S,4054
2026-04,2026,4,Abril,19,CAOA CHERY,TIGGO 5X,3924
2026-04,2026,4,Abril,20,GM,ONIX PLUS,3856
2026-04,2026,4,Abril,21,TOYOTA,YARIS CROSS,3628
2026-04,2026,4,Abril,22,GEELY,EX2,3602
2026-04,2026,4,Abril,23,TOYOTA,COROLLA CROSS,3176
2026-04,2026,4,Abril,24,JEEP,RENEGADE,3144
2026-04,2026,4,Abril,25,BYD,DOLPHIN,3022
2026-04,2026,4,Abril,26,HONDA,WR-V,2857
2026-04,2026,4,Abril,27,VW,VIRTUS,2768
2026-04,2026,4,Abril,28,GWM,HAVAL H6,2688
2026-04,2026,4,Abril,29,NISSAN,KAIT,2503
2026-04,2026,4,Abril,30,TOYOTA,COROLLA,2410
2026-04,2026,4,Abril,31,CAOA CHERY,TIGGO 7,2402
2026-04,2026,4,Abril,32,NISSAN,KICKS,2170
2026-04,2026,4,Abril,33,OMODA JAECOO,OMODA 5,1872
2026-04,2026,4,Abril,34,GM,SPIN,1851
2026-04,2026,4,Abril,35,BYD,KING,1645
2026-04,2026,4,Abril,36,FIAT,CRONOS,1589
2026-04,2026,4,Abril,37,RENAULT,KARDIAN,1285
2026-04,2026,4,Abril,38,CITROEN,C3,1227
2026-04,2026,4,Abril,39,HONDA,CITY,1226
2026-04,2026,4,Abril,40,JEEP,COMMANDER,1160
2026-04,2026,4,Abril,41,CAOA CHERY,TIGGO 8,1150
2026-04,2026,4,Abril,42,VW,TAOS,1131
2026-04,2026,4,Abril,43,TOYOTA,HILUX SW4,1091
2026-04,2026,4,Abril,44,GM,SPARK,1047
2026-04,2026,4,Abril,45,RENAULT,BOREAL,1008
2026-04,2026,4,Abril,46,RENAULT,DUSTER,1004
2026-04,2026,4,Abril,47,CITROEN,BASALT,930
2026-04,2026,4,Abril,48,GWM,HAVAL H9,922
2026-04,2026,4,Abril,49,FORD,TERRITORY,868
2026-04,2026,4,Abril,50,HONDA,CITY HATCH,826
2026-05,2026,5,Maio,1,VW,POLO,10523
2026-05,2026,5,Maio,2,VW,T CROSS,9455
2026-05,2026,5,Maio,3,HYUNDAI,HB20,8357
2026-05,2026,5,Maio,4,FIAT,ARGO,8274
2026-05,2026,5,Maio,5,GM,ONIX,7713
2026-05,2026,5,Maio,6,BYD,DOLPHIN MINI,7577
2026-05,2026,5,Maio,7,VW,TERA,7574
2026-05,2026,5,Maio,8,HYUNDAI,CRETA,6599
2026-05,2026,5,Maio,9,BYD,SONG,6307
2026-05,2026,5,Maio,10,VW,NIVUS,5806
2026-05,2026,5,Maio,11,FIAT,MOBI,5728
2026-05,2026,5,Maio,12,RENAULT,KWID,5237
2026-05,2026,5,Maio,13,HYUNDAI,HB20S,5205
2026-05,2026,5,Maio,14,GM,TRACKER,5099
2026-05,2026,5,Maio,15,BYD,DOLPHIN,4963
2026-05,2026,5,Maio,16,FIAT,PULSE,4763
2026-05,2026,5,Maio,17,JEEP,COMPASS,4584
2026-05,2026,5,Maio,18,HONDA,HR-V,4549
2026-05,2026,5,Maio,19,GWM,HAVAL H6,4328
2026-05,2026,5,Maio,20,JEEP,RENEGADE,4323
2026-05,2026,5,Maio,21,GEELY,EX2,4321
2026-05,2026,5,Maio,22,FIAT,FASTBACK,4121
2026-05,2026,5,Maio,23,GM,ONIX PLUS,3806
2026-05,2026,5,Maio,24,TOYOTA,YARIS CROSS,3641
2026-05,2026,5,Maio,25,TOYOTA,COROLLA CROSS,3495
2026-05,2026,5,Maio,26,NISSAN,KAIT,3352
2026-05,2026,5,Maio,27,HONDA,WR-V,3254
2026-05,2026,5,Maio,28,NISSAN,KICKS,3197
2026-05,2026,5,Maio,29,VW,VIRTUS,2931
2026-05,2026,5,Maio,30,CAOA CHERY,TIGGO 7,2883
2026-05,2026,5,Maio,31,GM,SONIC,2778
2026-05,2026,5,Maio,32,CITROEN,BASALT,2744
2026-05,2026,5,Maio,33,FIAT,CRONOS,2734
2026-05,2026,5,Maio,34,CAOA CHERY,TIGGO 5X,2482
2026-05,2026,5,Maio,35,GM,SPIN,2254
2026-05,2026,5,Maio,36,TOYOTA,COROLLA,2217
2026-05,2026,5,Maio,37,BYD,KING,1896
2026-05,2026,5,Maio,38,VW,TAOS,1670
2026-05,2026,5,Maio,39,OMODA JAECOO,OMODA 5,1562
2026-05,2026,5,Maio,40,HONDA,CITY,1502
2026-05,2026,5,Maio,41,JEEP,COMMANDER,1456
2026-05,2026,5,Maio,42,OMODA JAECOO,JAECOO 7,1391
2026-05,2026,5,Maio,43,CAOA CHERY,TIGGO 8,1289
2026-05,2026,5,Maio,44,CITROEN,C3,1267
2026-05,2026,5,Maio,45,RENAULT,KARDIAN,1266
2026-05,2026,5,Maio,46,RENAULT,BOREAL,1244
2026-05,2026,5,Maio,47,RENAULT,DUSTER,1225
2026-05,2026,5,Maio,48,GWM,HAVAL H9,1220
2026-05,2026,5,Maio,49,TOYOTA,HILUX SW4,1187
2026-05,2026,5,Maio,50,VW,TIGUAN,1187
2026-06,2026,6,Junho,1,VW,T CROSS,11753
2026-06,2026,6,Junho,2,VW,POLO,10939
2026-06,2026,6,Junho,3,FIAT,ARGO,9831
2026-06,2026,6,Junho,4,VW,TERA,9289
2026-06,2026,6,Junho,5,GM,ONIX,7972
2026-06,2026,6,Junho,6,HYUNDAI,HB20,6914
2026-06,2026,6,Junho,7,BYD,SONG,6632
2026-06,2026,6,Junho,8,BYD,DOLPHIN MINI,6457
2026-06,2026,6,Junho,9,HYUNDAI,CRETA,5533
2026-06,2026,6,Junho,10,BYD,DOLPHIN,5512
2026-06,2026,6,Junho,11,FIAT,PULSE,5349
2026-06,2026,6,Junho,12,FIAT,MOBI,5073
2026-06,2026,6,Junho,13,RENAULT,KWID,4616
2026-06,2026,6,Junho,14,VW,NIVUS,4545
2026-06,2026,6,Junho,15,JEEP,RENEGADE,4533
2026-06,2026,6,Junho,16,GM,TRACKER,4490
2026-06,2026,6,Junho,17,GEELY,EX2,4383
2026-06,2026,6,Junho,18,FIAT,FASTBACK,4278
2026-06,2026,6,Junho,19,HONDA,HR-V,4166
2026-06,2026,6,Junho,20,JEEP,COMPASS,4132
2026-06,2026,6,Junho,21,GWM,HAVAL H6,3943
2026-06,2026,6,Junho,22,TOYOTA,YARIS CROSS,3896
2026-06,2026,6,Junho,23,CAOA CHERY,TIGGO 5X,3831
2026-06,2026,6,Junho,24,GM,ONIX PLUS,3587
2026-06,2026,6,Junho,25,HYUNDAI,HB20S,3239
2026-06,2026,6,Junho,26,VW,VIRTUS,3206
2026-06,2026,6,Junho,27,HONDA,WR-V,3137
2026-06,2026,6,Junho,28,TOYOTA,COROLLA CROSS,3130
2026-06,2026,6,Junho,29,NISSAN,KAIT,2941
2026-06,2026,6,Junho,30,OMODA JAECOO,JAECOO 7,2731
2026-06,2026,6,Junho,31,FIAT,CRONOS,2686
2026-06,2026,6,Junho,32,GM,SONIC,2532
2026-06,2026,6,Junho,33,CAOA CHERY,TIGGO 7,2330
2026-06,2026,6,Junho,34,NISSAN,KICKS,2294
2026-06,2026,6,Junho,35,TOYOTA,COROLLA,1947
2026-06,2026,6,Junho,36,OMODA JAECOO,OMODA 5,1928
2026-06,2026,6,Junho,37,GM,SPIN,1803
2026-06,2026,6,Junho,38,BYD,KING,1643
2026-06,2026,6,Junho,39,HONDA,CITY,1596
2026-06,2026,6,Junho,40,JEEP,COMMANDER,1552
2026-06,2026,6,Junho,41,RENAULT,BOREAL,1547
2026-06,2026,6,Junho,42,VW,TAOS,1485
2026-06,2026,6,Junho,43,GEELY,EX5,1450
2026-06,2026,6,Junho,44,RENAULT,DUSTER,1370
2026-06,2026,6,Junho,45,RENAULT,KARDIAN,1233
2026-06,2026,6,Junho,46,TOYOTA,HILUX SW4,1125
2026-06,2026,6,Junho,47,HONDA,CITY HATCH,1120
2026-06,2026,6,Junho,48,CITROEN,C3,1109
2026-06,2026,6,Junho,49,GWM,HAVAL H9,1076
2026-06,2026,6,Junho,50,VW,TIGUAN,1014
